,text
0,"['analytics', 'refers', 'to', 'the', 'systematic', 'computational', 'analysis', 'of', 'data', '']"
1,"['or', 'statistics', 'typically', 'for', 'the', 'purpose', 'of', 'gaining', 'insights', '']"
2,"['making', 'informed', 'decisions', 'and', 'discovering', 'patterns', 'or', 'trends.', 'it', '']"
3,"['encompasses', 'a', 'broad', 'range', 'of', 'techniques', 'and', 'methodologies', 'aimed', 'at']"
4,"['extracting', 'meaningful', 'information', 'from', 'raw', 'data', 'often', 'involving', '']"
5,"['processes', 'such', 'as', 'data', 'collection', 'cleaning', 'transformation', '']"
6,"['modeling', 'and', 'interpretation.', 'analytics', 'can', 'be', 'applied', 'across', '']"
7,"['various', 'domains', 'including', 'business', 'finance', 'healthcare', 'marketing', '']"
8,"['and', 'science', 'among', 'others', 'to', 'uncover', 'hidden', 'patterns', 'predict', '']"
9,"['future', 'outcomes', 'optimize', 'processes', 'and', 'drive', 'strategic', '']"
10,"['decision-making.', 'it', 'relies', 'heavily', 'on', 'mathematical', 'and', 'statistical', '']"
11,"['principles', 'as', 'well', 'as', 'computational', 'tools', 'and', 'technologies', 'to', '']"
12,"['derive', 'actionable', 'insights', 'from', 'complex', 'datasets.']"
13,"['analytics', 'is', 'the', 'systematic', 'computational', 'analysis', 'of', 'data', 'or', '']"
14,"['statistics.', 'it', 'involves', 'the', 'discovery', 'interpretation', 'and', '']"
15,"['communication', 'of', 'meaningful', 'patterns', 'within', 'datasets', 'often', '']"
16,"['aimed', 'at', 'extracting', 'insights', 'to', 'support', 'decision-making.', 'this', '']"
17,"['process', 'typically', 'involves', 'various', 'techniques', 'including', '']"
18,"['statistical', 'analysis', 'predictive', 'modeling', 'data', 'mining', 'and', '']"
19,"['machine', 'learning', 'algorithms.', 'analytics', 'spans', 'across', 'diverse', '']"
20,"['domains', 'including', 'business', 'finance', 'healthcare', 'and', 'science', '']"
21,"['offering', 'valuable', 'insights', 'to', 'optimize', 'processes', 'identify', '']"
22,"['trends', 'forecast', 'outcomes', 'and', 'mitigate', 'risks.', 'it', 'enables', '']"
23,"['organizations', 'to', 'make', 'data-driven', 'decisions', 'uncover', 'hidden', '']"
24,"['patterns', 'and', 'gain', 'a', 'competitive', 'edge', 'in', 'their', 'respective', '']"
25,"['industries.', 'with', 'the', 'exponential', 'growth', 'of', 'data', 'generation', '']"
26,"['analytics', 'has', 'become', 'increasingly', 'essential', 'for', 'deriving', '']"
27,"['actionable', 'intelligence', 'from', 'vast', 'and', 'complex', 'datasets', '']"
28,"['driving', 'innovation', 'and', 'fostering', 'informed', 'decision-making.']"
29,"['business', 'intelligence', '(bi)', 'refers', 'to', 'the', 'technologies', 'strategies', '']"
30,"['and', 'practices', 'utilized', 'by', 'organizations', 'to', 'analyze', 'and', 'interpret', '']"
31,"['raw', 'data', 'in', 'order', 'to', 'make', 'informed', 'business', 'decisions.', 'it', 'involves']"
32,"['collecting', 'organizing', 'and', 'transforming', 'data', 'into', 'actionable', '']"
33,"['insights', 'that', 'drive', 'strategic', 'planning', 'operational', 'improvements', '']"
34,"['and', 'competitive', 'advantages.', 'bi', 'encompasses', 'various', 'processes', '']"
35,"['including', 'data', 'mining', 'data', 'visualization', 'statistical', 'analysis', '']"
36,"['and', 'predictive', 'modeling', 'all', 'aimed', 'at', 'uncovering', 'patterns', 'trends', '']"
37,"['and', 'correlations', 'within', 'data', 'sets.', 'by', 'harnessing', 'bi', 'tools', 'and', '']"
38,"['methodologies', 'businesses', 'can', 'gain', 'a', 'deeper', 'understanding', 'of', 'their', '']"
39,"['operations', 'customer', 'behaviors', 'market', 'dynamics', 'and', 'emerging', '']"
40,"['opportunities', 'or', 'risks.', 'ultimately', 'business', 'intelligence', 'empowers', '']"
41,"['organizations', 'to', 'optimize', 'performance', 'mitigate', 'risks', 'and', 'adapt', '']"
42,"['swiftly', 'to', 'changing', 'market', 'conditions', 'fostering', 'agility', 'and', '']"
43,"['innovation', 'in', ""today's"", 'dynamic', 'business', 'landscape.']"
44,"['data', 'science', 'is', 'an', 'interdisciplinary', 'field', 'that', 'employs', '']"
45,"['scientific', 'methods', 'algorithms', 'processes', 'and', 'systems']"
46,"['to', 'extract', 'knowledge', 'and', 'insights', 'from', 'structured', 'and']"
47,"['unstructured', 'data.', 'it', 'encompasses', 'various', 'techniques']"
48,"['from', 'statistics', 'mathematics', 'computer', 'science', 'and']"
49,"['domain-specific', 'knowledge', 'to', 'analyze', 'complex', 'data', 'sets.']"
50,"['data', 'scientists', 'leverage', 'programming', 'languages', 'like', '']"
51,"['python', 'r', 'and', 'sql', 'along', 'with', 'tools', 'such', 'as', 'machine', '']"
52,"['learning', 'and', 'data', 'visualization', 'to', 'uncover', 'patterns', '']"
53,"['trends', 'and', 'correlations', 'within', 'data.', 'they', 'play', 'a', 'crucial', '']"
54,"['role', 'in', 'informing', 'decision-making', 'processes', 'across', '']"
55,"['industries', 'from', 'business', 'and', 'healthcare', 'to', 'finance', 'and', '']"
56,"['technology.', 'by', 'harnessing', 'the', 'power', 'of', 'data', 'data', 'science', '']"
57,"['facilitates', 'predictive', 'modeling', 'optimization', 'and', 'the', '']"
58,"['development', 'of', 'data-driven', 'strategies', 'to', 'address', 'real-world', '']"
59,"['challenges', 'and', 'drive', 'innovation.']"
